PROMPT 'Dropping tables for a clean initialisation'

DROP TABLE SOFTWARE_LICENSE_STATUS CASCADE CONSTRAINTS;
DROP TABLE SOFTWARE_LICENSE CASCADE CONSTRAINTS;
DROP TABLE SOFTWARE CASCADE CONSTRAINTS;
DROP TABLE SOFTWARE_VERSION CASCADE CONSTRAINTS;
DROP TABLE EQUIPMENT_SOFTWARE CASCADE CONSTRAINTS;
DROP TABLE OPERATING_SYSTEM CASCADE CONSTRAINTS;
DROP TABLE OPERATING_SYSTEM_VERSION CASCADE CONSTRAINTS;
DROP TABLE EQUIPMENT_OPERATING_SYSTEM CASCADE CONSTRAINTS;
DROP TABLE EQUIPMENT CASCADE CONSTRAINTS;
DROP TABLE EQUIPMENT_MODEL CASCADE CONSTRAINTS;
DROP TABLE EQUIPMENT_TYPE CASCADE CONSTRAINTS;
DROP TABLE EQUIPMENT_MAKE CASCADE CONSTRAINTS;
DROP TABLE PROBLEM_TYPE_SPECIALIST CASCADE CONSTRAINTS;
DROP TABLE PROBLEM_TYPE CASCADE CONSTRAINTS;
DROP TABLE PROBLEM_ASSIGNMENT CASCADE CONSTRAINTS;
DROP TABLE PROBLEM_STATUS CASCADE CONSTRAINTS;
DROP TABLE PROBLEM_SOLUTION CASCADE CONSTRAINTS;
DROP TABLE PROBLEM CASCADE CONSTRAINTS;
DROP TABLE PROBLEM_CALL CASCADE CONSTRAINTS;
DROP TABLE CALL CASCADE CONSTRAINTS;
DROP TABLE STAFF CASCADE CONSTRAINTS;
DROP TABLE STAFF_ROLE CASCADE CONSTRAINTS;
DROP TABLE CALL_STATUS CASCADE CONSTRAINTS;
DROP TABLE CALLER_PHONE CASCADE CONSTRAINTS;
DROP TABLE CALLER CASCADE CONSTRAINTS;

DROP SEQUENCE CALLER_PHONE_ID_SEQ;
DROP SEQUENCE CALL_STATUS_ID_SEQ;
DROP SEQUENCE STAFF_ROLE_ID_SEQ;
DROP SEQUENCE STAFF_ID_SEQ;
DROP SEQUENCE CALL_ID_SEQ;
DROP SEQUENCE PROBLEM_CALL_ID_SEQ;
DROP SEQUENCE PROBLEM_ID_SEQ;
DROP SEQUENCE PROBLEM_SOLUTION_ID_SEQ;
DROP SEQUENCE PROBLEM_STATUS_ID_SEQ;
DROP SEQUENCE PROBLEM_ASSIGNMENT_ID_SEQ;
DROP SEQUENCE PROBLEM_TYPE_ID_SEQ;
DROP SEQUENCE PROBLEM_TYPE_SPECIALIST_ID_SEQ;
DROP SEQUENCE EQUIPMENT_ID_SEQ;
DROP SEQUENCE EQUIPMENT_MODEL_ID_SEQ;
DROP SEQUENCE EQUIPMENT_MAKE_ID_SEQ;
DROP SEQUENCE EQUIPMENT_TYPE_ID_SEQ;
DROP SEQUENCE EQUIPMENT_OPERATING_SYSTEM_ID_SEQ;
DROP SEQUENCE OPERATING_SYSTEM_VERSION_ID_SEQ;
DROP SEQUENCE OPERATING_SYSTEM_ID_SEQ;
DROP SEQUENCE EQUIPMENT_SOFTWARE_ID_SEQ;
DROP SEQUENCE SOFTWARE_VERSION_ID_SEQ;
DROP SEQUENCE SOFTWARE_ID_SEQ;
DROP SEQUENCE SOFTWARE_LICENSE_ID_SEQ;
DROP SEQUENCE SOFTWARE_LICENSE_STATUS_ID_SEQ;

REM === INITIALISING TABLES ===

PROMPT 'Creating tables'

CREATE TABLE CALLER
 (ID CHAR(10)
 ,FIRST_NAME VARCHAR2(30)
 ,LAST_NAME VARCHAR2(30)
 )
/
CREATE TABLE CALLER_PHONE
 (ID NUMBER(8,0)
 ,PHONE_NUMBER CHAR(12)
 ,CALLER_ID CHAR(10)
 )
/
CREATE TABLE CALL_STATUS
 (ID NUMBER(8,0)
 ,NAME VARCHAR2(30)
 )
/
CREATE TABLE STAFF_ROLE
 (ID NUMBER(8,0)
 ,NAME VARCHAR2(30)
 )
/
CREATE TABLE STAFF
 (ID NUMBER(8,0)
 ,FIRST_NAME VARCHAR2(30)
 ,LAST_NAME VARCHAR2(30)
 ,STAFF_ROLE_ID NUMBER(8,0)
 )
/
CREATE TABLE CALL
 (ID NUMBER(8,0)
 ,CALLER_ID CHAR(10)
 ,CALL_STATUS_ID NUMBER(8,0)
 ,STAFF_ID NUMBER(8,0)
 ,DATETIME_STARTED TIMESTAMP(2)
 ,DATETIME_FINISHED TIMESTAMP(2)
 )
/
CREATE TABLE PROBLEM_CALL
 (ID NUMBER(8,0)
 ,CALL_ID NUMBER(8,0)
 ,PROBLEM_ID NUMBER(8,0)
 )
/
CREATE TABLE PROBLEM
 (ID NUMBER(8,0)
 ,PROBLEM_STATUS_ID NUMBER(8,0)
 ,PROBLEM_TYPE_ID NUMBER(8,0)
 ,EQUIPMENT_ID NUMBER(8,0)
 ,DESCRIPTION VARCHAR2(2000)
 ,DATETIME_CREATED TIMESTAMP(2)
)
/
CREATE TABLE PROBLEM_SOLUTION
 (ID NUMBER(8,0)
 ,PROBLEM_ID NUMBER(8,0)
 ,DESCRIPTION VARCHAR2(2000)
 ,DATETIME_CREATED TIMESTAMP(2)
 )
/
CREATE TABLE PROBLEM_STATUS
 (ID NUMBER(8,0)
 ,NAME VARCHAR2(30)
 )
/
CREATE TABLE PROBLEM_ASSIGNMENT
 (ID NUMBER(8,0)
 ,PROBLEM_ID NUMBER(8,0)
 ,STAFF_ID NUMBER(8,0)
 ,DATETIME_CREATED TIMESTAMP(2)
 )
/
CREATE TABLE PROBLEM_TYPE
 (ID NUMBER(8,0)
 ,NAME VARCHAR2(30)
 )
/
CREATE TABLE PROBLEM_TYPE_SPECIALIST
 (ID NUMBER(8,0)
 ,PROBLEM_TYPE_ID NUMBER(8,0)
 ,STAFF_ID NUMBER(8,0)
 )
/
CREATE TABLE EQUIPMENT_MAKE
 (ID NUMBER(8,0)
 ,NAME VARCHAR2(30)
 )
/
CREATE TABLE EQUIPMENT_TYPE
 (ID NUMBER(8,0)
 ,NAME VARCHAR2(30)
 )
/
CREATE TABLE EQUIPMENT_MODEL
 (ID NUMBER(8,0)
 ,NAME VARCHAR2(100)
 ,RELEASE_DATE DATE
 ,EQUIPMENT_TYPE_ID NUMBER(8,0)
 ,EQUIPMENT_MAKE_ID NUMBER(8,0)
 )
/
CREATE TABLE EQUIPMENT
 (ID NUMBER(8,0)
 ,IDENTIFIER VARCHAR2(200)
 ,EQUIPMENT_MODEL_ID NUMBER(8,0)
 )
/
CREATE TABLE EQUIPMENT_OPERATING_SYSTEM
 (ID NUMBER(8,0)
 ,EQUIPMENT_ID NUMBER(8,0)
 ,OPERATING_SYSTEM_VERSION_ID NUMBER(8,0)
 )
/
CREATE TABLE OPERATING_SYSTEM_VERSION
 (ID NUMBER(8,0)
 ,NAME VARCHAR2(100)
 ,RELEASE_DATE DATE
 ,OPERATING_SYSTEM_ID NUMBER(8,0)
 )
/
CREATE TABLE OPERATING_SYSTEM
 (ID NUMBER(8,0)
 ,NAME VARCHAR2(100)
 )
/
CREATE TABLE EQUIPMENT_SOFTWARE
 (ID NUMBER(8,0)
 ,EQUIPMENT_ID NUMBER(8,0)
 ,SOFTWARE_VERSION_ID NUMBER(8,0)
 )
/
CREATE TABLE SOFTWARE_VERSION
 (ID NUMBER(8,0)
 ,NAME VARCHAR2(100)
 ,RELEASE_DATE DATE
 ,SOFTWARE_ID NUMBER(8,0)
 )
/
CREATE TABLE SOFTWARE
 (ID NUMBER(8,0)
 ,NAME VARCHAR2(100)
 )
/
CREATE TABLE SOFTWARE_LICENSE
 (ID NUMBER(8,0)
 ,IDENTIFIER VARCHAR2(1000)
 ,SOFTWARE_VERSION_ID NUMBER(8,0)
 )
/
CREATE TABLE SOFTWARE_LICENSE_STATUS
 (ID NUMBER(8,0)
 ,IS_VALID CHAR(1)
 ,SOFTWARE_LICENSE_ID NUMBER(8,0)
 )
/

REM === INITIALISING INDEXES ===
PROMPT 'Creating Indexes'

CREATE INDEX CALLR_PHON_CALLR_FK_I ON CALLER_PHONE(CALLER_ID)
/
CREATE INDEX STF_STF_ROL_FK_I ON STAFF(STAFF_ROLE_ID)
/
CREATE INDEX CALL_CALLR_FK_I ON CALL(CALLER_ID)
/
CREATE INDEX CALL_CALL_STA_FK_I ON CALL(CALL_STATUS_ID)
/
CREATE INDEX CALL_STF_FK_I ON CALL(STAFF_ID)
/
CREATE INDEX PROB_CALL_CALL_FK_I ON PROBLEM_CALL(CALL_ID)
/
CREATE INDEX PROB_CALL_PROB_FK_I ON PROBLEM_CALL(PROBLEM_ID)
/
CREATE INDEX PROB_PROB_STA_FK_I ON PROBLEM(PROBLEM_STATUS_ID)
/
CREATE INDEX PROB_PROB_TYP_FK_I ON PROBLEM(PROBLEM_TYPE_ID)
/
CREATE INDEX PROB_EQP_FK_I ON PROBLEM(EQUIPMENT_ID)
/
CREATE INDEX PROB_SOL_PROB_FK_I ON PROBLEM_SOLUTION(PROBLEM_ID)
/
CREATE INDEX PROB_ASG_PROB_FK_I ON PROBLEM_ASSIGNMENT(PROBLEM_ID)
/
CREATE INDEX PROB_ASG_STF_FK_I ON PROBLEM_ASSIGNMENT(STAFF_ID)
/
CREATE INDEX PROB_TYP_SPEC_PROB_TYP_FK_I 
 ON PROBLEM_TYPE_SPECIALIST(PROBLEM_TYPE_ID)
/
CREATE INDEX PROB_TYP_SPEC_STF_FK_I ON PROBLEM_TYPE_SPECIALIST(STAFF_ID)
/
CREATE INDEX EQP_EQP_MDL_FK_I ON EQUIPMENT(EQUIPMENT_MODEL_ID)
/
CREATE INDEX EQP_MDL_EQP_TYP_FK_I ON EQUIPMENT_MODEL(EQUIPMENT_TYPE_ID)
/
CREATE INDEX EQP_MDL_EQP_MK_FK_I ON EQUIPMENT_MODEL(EQUIPMENT_MAKE_ID)
/
CREATE INDEX EQP_OS_EQP_FK_I ON EQUIPMENT_OPERATING_SYSTEM(EQUIPMENT_ID)
/
CREATE INDEX EQP_OS_OS_VER_PK_I 
 ON EQUIPMENT_OPERATING_SYSTEM(OPERATING_SYSTEM_VERSION_ID)
/
CREATE INDEX OS_VER_OS_FK ON OPERATING_SYSTEM_VERSION(OPERATING_SYSTEM_ID)
/
CREATE INDEX EQP_SFT_EQP_FK_I ON EQUIPMENT_SOFTWARE(EQUIPMENT_ID)
/
CREATE INDEX EQP_SFT_SFT_VER_PK_I ON EQUIPMENT_SOFTWARE(SOFTWARE_VERSION_ID)
/
CREATE INDEX SFT_VER_SFT_FK ON SOFTWARE_VERSION(SOFTWARE_ID)
/
CREATE INDEX SFT_LIC_SFT_VER_FK_I ON SOFTWARE_LICENSE(SOFTWARE_VERSION_ID)
/
CREATE INDEX SFT_LIC_STA_SFT_LIC_FK_I 
 ON SOFTWARE_LICENSE_STATUS(SOFTWARE_LICENSE_ID)
/

COMMIT;

REM === INITIALISING CHECK CONSTRAINTS ===

PROMPT 'Creating NOT NULL constraints'

ALTER TABLE CALLER
 MODIFY(ID CONSTRAINT CLLR_ID_NNULL NOT NULL)
 MODIFY(LAST_NAME CONSTRAINT CLLR_LAST_NAME_NNULL NOT NULL)
/
ALTER TABLE CALLER_PHONE
 MODIFY(ID CONSTRAINT CLLR_PHON_ID_NNULL NOT NULL)
 MODIFY(PHONE_NUMBER CONSTRAINT CLLR_PHON_NUM_NNULL NOT NULL)
 MODIFY(CALLER_ID CONSTRAINT CLLR_PHON_CALLR_ID_NNULL NOT NULL)
/
ALTER TABLE CALL_STATUS
 MODIFY(ID CONSTRAINT CALL_STAT_ID_NNULL NOT NULL)
 MODIFY(NAME CONSTRAINT CALL_STAT_NAME_NNULL NOT NULL)
/
ALTER TABLE STAFF_ROLE
 MODIFY(ID CONSTRAINT STF_ROL_ID_NNULL NOT NULL)
 MODIFY(NAME CONSTRAINT STF_ROL_NAME_NNULL NOT NULL)
/
ALTER TABLE STAFF
 MODIFY(ID CONSTRAINT STF_ID_NNULL NOT NULL)
 MODIFY(LAST_NAME CONSTRAINT STF_LAST_NAME_NNULL NOT NULL)
/
ALTER TABLE CALL
 MODIFY(ID CONSTRAINT CALL_ID_NNULL NOT NULL)
 MODIFY(DATETIME_STARTED CONSTRAINT CALL_DTT_START_NNULL NOT NULL)
/
ALTER TABLE PROBLEM_CALL
 MODIFY(ID CONSTRAINT PROB_CALL_ID_NNULL NOT NULL)
 MODIFY(CALL_ID CONSTRAINT PROB_CALL_CALL_NNULL NOT NULL)
 MODIFY(PROBLEM_ID CONSTRAINT PROB_CALL_PROB_ID_NNULL NOT NULL)
/
ALTER TABLE PROBLEM
 MODIFY(ID CONSTRAINT PROB_ID_NNULL NOT NULL)
 MODIFY(DESCRIPTION CONSTRAINT PROB_DESCR_NNULL NOT NULL)
 MODIFY(DATETIME_CREATED CONSTRAINT PROB_DT_CRE_NNULL NOT NULL)
/
ALTER TABLE PROBLEM_SOLUTION
 MODIFY(ID CONSTRAINT PROB_SOL_ID_NNULL NOT NULL)
 MODIFY(PROBLEM_ID CONSTRAINT PROB_SOL_PROB_NNULL NOT NULL)
 MODIFY(DESCRIPTION CONSTRAINT PROB_SOL_DESCR_NNULL NOT NULL)
 MODIFY(DATETIME_CREATED CONSTRAINT PROB_SOL_DT_CRE_NNULL NOT NULL)
/
ALTER TABLE PROBLEM_STATUS
 MODIFY(ID CONSTRAINT PROB_STA_ID_NNULL NOT NULL)
 MODIFY(NAME CONSTRAINT PROB_STA_NAME_NNULL NOT NULL)
/
ALTER TABLE PROBLEM_ASSIGNMENT
 MODIFY(ID CONSTRAINT PROB_ASG_ID_NNULL NOT NULL)
 MODIFY(PROBLEM_ID CONSTRAINT PROB_ASG_PROB_NNULL NOT NULL)
 MODIFY(STAFF_ID CONSTRAINT PROB_ASG_STF_NNULL NOT NULL)
 MODIFY(DATETIME_CREATED CONSTRAINT PROB_ASG_DT_CRE_NNULL NOT NULL)
/
ALTER TABLE PROBLEM_TYPE
 MODIFY(ID CONSTRAINT PROB_TYP_ID_NNULL NOT NULL)
 MODIFY(NAME CONSTRAINT PROB_TYP_NAME_NNULL NOT NULL)
/
ALTER TABLE PROBLEM_TYPE_SPECIALIST
 MODIFY(ID CONSTRAINT PROB_TYP_SPEC_NNULL NOT NULL)
 MODIFY(PROBLEM_TYPE_ID CONSTRAINT PROB_TYP_SPEC_TYP_NNULL NOT NULL)
 MODIFY(STAFF_ID CONSTRAINT PROB_TYP_SPEC_STF_NNULL NOT NULL)
/
ALTER TABLE EQUIPMENT
 MODIFY(ID CONSTRAINT EQP_ID_NNULL NOT NULL) 
 MODIFY(IDENTIFIER CONSTRAINT EQP_IDT_NNULL NOT NULL) 
/
ALTER TABLE EQUIPMENT_MODEL
 MODIFY(ID CONSTRAINT EQP_MDL_NNULL NOT NULL) 
 MODIFY(NAME CONSTRAINT EQP_NAME_NNULL NOT NULL) 
 MODIFY(RELEASE_DATE CONSTRAINT EQP_REL_DT_NNULL NOT NULL) 
/
ALTER TABLE EQUIPMENT_MAKE
 MODIFY(ID CONSTRAINT EQP_MK_ID_NNULL NOT NULL)
 MODIFY(NAME CONSTRAINT EQP_MK_NAME_NNULL NOT NULL)
/
ALTER TABLE EQUIPMENT_TYPE
 MODIFY(ID CONSTRAINT EQP_TYP_ID_NNULL NOT NULL)
 MODIFY(NAME CONSTRAINT EQP_TYP_NAME_NNULL NOT NULL)
/
ALTER TABLE EQUIPMENT_OPERATING_SYSTEM
 MODIFY(ID CONSTRAINT EQP_OS_ID_NNULL NOT NULL)
 MODIFY(EQUIPMENT_ID CONSTRAINT EQP_OS_EQP_NNULL NOT NULL)
/
ALTER TABLE OPERATING_SYSTEM_VERSION
 MODIFY(ID CONSTRAINT OS_VER_ID_NNULL NOT NULL)
 MODIFY(NAME CONSTRAINT OS_VER_NAME_NNULL NOT NULL)
 MODIFY(RELEASE_DATE CONSTRAINT OS_VER_REL_DT_NNULL NOT NULL)
 MODIFY(OPERATING_SYSTEM_ID CONSTRAINT OS_VER_OS NOT NULL)
/
ALTER TABLE OPERATING_SYSTEM
 MODIFY(ID CONSTRAINT OS_ID_NNULL NOT NULL)
 MODIFY(NAME CONSTRAINT OS_NAME_NNULL NOT NULL)
/
ALTER TABLE EQUIPMENT_SOFTWARE
 MODIFY(ID CONSTRAINT EQP_SFT_ID_NNULL NOT NULL)
 MODIFY(EQUIPMENT_ID CONSTRAINT EQP_SFT_EQP_NNULL NOT NULL)
/
ALTER TABLE SOFTWARE_VERSION
 MODIFY(ID CONSTRAINT SFT_VER_ID_NNULL NOT NULL)
 MODIFY(NAME CONSTRAINT SFT_VER_NAME_NNULL NOT NULL)
 MODIFY(RELEASE_DATE CONSTRAINT SFT_VER_REL_DT_NNULL NOT NULL)
 MODIFY(SOFTWARE_ID CONSTRAINT SFT_VER_SFT NOT NULL)
/
ALTER TABLE SOFTWARE
 MODIFY(ID CONSTRAINT SFT_ID_NNULL NOT NULL)
 MODIFY(NAME CONSTRAINT SFT_NAME_NNULL NOT NULL)
/
ALTER TABLE SOFTWARE_LICENSE
 MODIFY(ID CONSTRAINT SFT_LIC_ID_NNULL NOT NULL)
 MODIFY(IDENTIFIER CONSTRAINT SFT_LIC_IDT_NNULL NOT NULL)
 MODIFY(SOFTWARE_VERSION_ID CONSTRAINT SFT_LIC_SOFT_VER_NNULL NOT NULL)
/
ALTER TABLE SOFTWARE_LICENSE_STATUS
 MODIFY(ID CONSTRAINT SFT_LIC_STA_ID_NNULL NOT NULL)
 MODIFY(IS_VALID CONSTRAINT SFT_LIC_VAL_NNULL NOT NULL)
 MODIFY(SOFTWARE_LICENSE_ID CONSTRAINT SFT_LIC_STA_LIC_NNULL NOT NULL)
/

PROMPT 'Creating UNIQUE constraints'

ALTER TABLE CALLER_PHONE 
 ADD CONSTRAINT CALLR_PHON_UNIQUE UNIQUE(PHONE_NUMBER)
/
ALTER TABLE CALL_STATUS
 ADD CONSTRAINT CALL_STA_NAME_UNIQUE UNIQUE(NAME)
/
ALTER TABLE STAFF_ROLE
 ADD CONSTRAINT STF_ROL_NAME_UNIQUE UNIQUE(NAME)
/
ALTER TABLE PROBLEM_STATUS
 ADD CONSTRAINT PROB_STA_NAME_UNIQUE UNIQUE(NAME)
/
ALTER TABLE PROBLEM_TYPE
 ADD CONSTRAINT PROB_TYP_NAME_UNIQUE UNIQUE(NAME)
/
ALTER TABLE EQUIPMENT_MODEL
 ADD CONSTRAINT EQP_MDL_UNIQUE
 UNIQUE(EQUIPMENT_TYPE_ID, EQUIPMENT_MAKE_ID, NAME)
/
ALTER TABLE EQUIPMENT_MAKE
 ADD CONSTRAINT EQP_MK_NAME_UNIQUE UNIQUE(NAME)
/
ALTER TABLE EQUIPMENT_TYPE
 ADD CONSTRAINT EQP_TYP_NAME_UNIQUE UNIQUE(NAME)
/
ALTER TABLE OPERATING_SYSTEM_VERSION
 ADD CONSTRAINT OS_VER_UNIQUE UNIQUE(OPERATING_SYSTEM_ID, NAME)
/
ALTER TABLE OPERATING_SYSTEM
 ADD CONSTRAINT OS_NAME_UNIQUE UNIQUE(NAME)
/
ALTER TABLE SOFTWARE_VERSION
 ADD CONSTRAINT SFT_VER_UNIQUE UNIQUE(NAME, SOFTWARE_ID)
/
ALTER TABLE SOFTWARE
 ADD CONSTRAINT SFT_NAME_UNIQUE UNIQUE(NAME)
/

PROMPT 'Creating PRIMARY KEY constraints'

ALTER TABLE CALLER ADD CONSTRAINT CALLR_PK PRIMARY KEY (ID)
/
ALTER TABLE CALLER_PHONE ADD CONSTRAINT CALLR_PHON_PK PRIMARY KEY (ID)
/
ALTER TABLE CALL_STATUS ADD CONSTRAINT CALL_STAT_PK PRIMARY KEY (ID)
/
ALTER TABLE STAFF_ROLE ADD CONSTRAINT STF_ROL_PK PRIMARY KEY (ID)
/
ALTER TABLE STAFF ADD CONSTRAINT STF_PK PRIMARY KEY (ID)
/
ALTER TABLE CALL ADD CONSTRAINT CALL_PK PRIMARY KEY (ID)
/
ALTER TABLE PROBLEM_CALL ADD CONSTRAINT PROB_CALL_PK PRIMARY KEY (ID)
/
ALTER TABLE PROBLEM ADD CONSTRAINT PROB_PK PRIMARY KEY (ID)
/
ALTER TABLE PROBLEM_SOLUTION ADD CONSTRAINT PROB_SOL_PK PRIMARY KEY (ID)
/
ALTER TABLE PROBLEM_STATUS ADD CONSTRAINT PROB_STA_PK PRIMARY KEY (ID)
/
ALTER TABLE PROBLEM_ASSIGNMENT ADD CONSTRAINT PROB_ASG_PK PRIMARY KEY (ID)
/
ALTER TABLE PROBLEM_TYPE ADD CONSTRAINT PROB_TYP_PK PRIMARY KEY (ID)
/
ALTER TABLE PROBLEM_TYPE_SPECIALIST ADD CONSTRAINT
 PROB_TYP_SPEC_PK PRIMARY KEY (ID)
/
ALTER TABLE EQUIPMENT ADD CONSTRAINT EQP_PK PRIMARY KEY (ID)
/
ALTER TABLE EQUIPMENT_MODEL ADD CONSTRAINT EQP_MDL_PK PRIMARY KEY (ID)
/
ALTER TABLE EQUIPMENT_MAKE ADD CONSTRAINT EQP_MK_PK PRIMARY KEY (ID)
/
ALTER TABLE EQUIPMENT_TYPE ADD CONSTRAINT EQP_TYP_PK PRIMARY KEY (ID)
/
ALTER TABLE EQUIPMENT_OPERATING_SYSTEM ADD CONSTRAINT
 EQP_OS_PK PRIMARY KEY (ID)
/
ALTER TABLE OPERATING_SYSTEM_VERSION ADD CONSTRAINT OS_VER_PK PRIMARY KEY (ID)
/
ALTER TABLE OPERATING_SYSTEM ADD CONSTRAINT OS_PK PRIMARY KEY (ID)
/
ALTER TABLE EQUIPMENT_SOFTWARE ADD CONSTRAINT EQP_SFT_PK PRIMARY KEY (ID)
/
ALTER TABLE SOFTWARE_VERSION ADD CONSTRAINT SFT_VER_PK PRIMARY KEY (ID)
/
ALTER TABLE SOFTWARE ADD CONSTRAINT SFT_PK PRIMARY KEY (ID)
/
ALTER TABLE SOFTWARE_LICENSE ADD CONSTRAINT SFT_LIC_PK PRIMARY KEY (ID)
/
ALTER TABLE SOFTWARE_LICENSE_STATUS ADD CONSTRAINT
 SFT_LIC_STA_PK PRIMARY KEY (ID)
/

PROMPT 'Creating FOREIGN KEY constraints'

ALTER TABLE CALLER_PHONE ADD CONSTRAINT
 CALLR_PHON_CALLR_FK FOREIGN KEY (CALLER_ID)
 REFERENCES CALLER(ID)
 ON DELETE CASCADE
/
ALTER TABLE STAFF ADD CONSTRAINT
 STF_STF_ROL_FK FOREIGN KEY (STAFF_ROLE_ID)
 REFERENCES STAFF_ROLE(ID)
 ON DELETE SET NULL
/
ALTER TABLE CALL ADD CONSTRAINT
 CALL_CALLR_FK FOREIGN KEY (CALLER_ID)
 REFERENCES CALLER(ID)
 ON DELETE SET NULL
 ADD CONSTRAINT
 CALL_STF_FK FOREIGN KEY (STAFF_ID)
 REFERENCES STAFF(ID)
 ON DELETE SET NULL
 ADD CONSTRAINT
 CALL_CALL_STA_FK FOREIGN KEY (CALL_STATUS_ID)
 REFERENCES CALL_STATUS(ID)
 ON DELETE SET NULL
/
ALTER TABLE PROBLEM_CALL ADD CONSTRAINT
 PROB_CALL_CALL_FK FOREIGN KEY (CALL_ID)
 REFERENCES CALL(ID)
 ON DELETE CASCADE
 ADD CONSTRAINT
 PROB_CALL_PROB_FK FOREIGN KEY (PROBLEM_ID)
 REFERENCES PROBLEM(ID)
 ON DELETE CASCADE
/
ALTER TABLE PROBLEM ADD CONSTRAINT
 PROB_PROB_STA_FK FOREIGN KEY (PROBLEM_STATUS_ID)
 REFERENCES PROBLEM_STATUS(ID)
 ON DELETE SET NULL
 ADD CONSTRAINT
 PROB_PROB_TYP_FK FOREIGN KEY (PROBLEM_TYPE_ID)
 REFERENCES PROBLEM_TYPE(ID)
 ON DELETE SET NULL
 ADD CONSTRAINT
 PROB_EQP_FK FOREIGN KEY (EQUIPMENT_ID)
 REFERENCES EQUIPMENT(ID)
 ON DELETE SET NULL
/
ALTER TABLE PROBLEM_SOLUTION ADD CONSTRAINT
 PROB_SOL_PROB_FK FOREIGN KEY (PROBLEM_ID)
 REFERENCES PROBLEM(ID)
 ON DELETE CASCADE
/
ALTER TABLE PROBLEM_ASSIGNMENT ADD CONSTRAINT
 PROB_ASG_PROB_FK FOREIGN KEY (PROBLEM_ID)
 REFERENCES PROBLEM(ID)
 ON DELETE CASCADE
 ADD CONSTRAINT
 PROB_ASG_STF_FK FOREIGN KEY (STAFF_ID)
 REFERENCES STAFF(ID)
 ON DELETE CASCADE
/
ALTER TABLE PROBLEM_TYPE_SPECIALIST ADD CONSTRAINT
 PROB_TYP_SPEC_PROB_TYP_FK FOREIGN KEY (PROBLEM_TYPE_ID)
 REFERENCES PROBLEM_TYPE(ID)
 ON DELETE CASCADE
 ADD CONSTRAINT
 PROB_TYP_SPEC_STF_FK FOREIGN KEY (STAFF_ID)
 REFERENCES STAFF(ID)
 ON DELETE CASCADE
/
ALTER TABLE EQUIPMENT ADD CONSTRAINT
 EQP_EQP_MDL_FK FOREIGN KEY (EQUIPMENT_MODEL_ID)
 REFERENCES EQUIPMENT_MODEL(ID)
 ON DELETE SET NULL
/
ALTER TABLE EQUIPMENT_MODEL ADD CONSTRAINT
 EQP_MDL_EQP_TYP_FK FOREIGN KEY (EQUIPMENT_TYPE_ID)
 REFERENCES EQUIPMENT_TYPE(ID)
 ON DELETE SET NULL
 ADD CONSTRAINT
 EQP_MDL_EQP_MK_FK FOREIGN KEY (EQUIPMENT_MAKE_ID)
 REFERENCES EQUIPMENT_MAKE(ID)
 ON DELETE SET NULL
/
ALTER TABLE EQUIPMENT_OPERATING_SYSTEM ADD CONSTRAINT
 EQP_OS_EQP_FK FOREIGN KEY (EQUIPMENT_ID)
 REFERENCES EQUIPMENT(ID)
 ON DELETE CASCADE
 ADD CONSTRAINT
 EQP_OS_OS_VER_FK FOREIGN KEY (OPERATING_SYSTEM_VERSION_ID)
 REFERENCES OPERATING_SYSTEM_VERSION(ID)
 ON DELETE SET NULL
/
ALTER TABLE OPERATING_SYSTEM_VERSION ADD CONSTRAINT
 OS_VER_OS_FK FOREIGN KEY (OPERATING_SYSTEM_ID)
 REFERENCES OPERATING_SYSTEM(ID)
 ON DELETE CASCADE
/
ALTER TABLE EQUIPMENT_SOFTWARE ADD CONSTRAINT
 EQP_SFT_EQP_FK FOREIGN KEY (EQUIPMENT_ID)
 REFERENCES EQUIPMENT(ID)
 ON DELETE CASCADE
 ADD CONSTRAINT
 EQP_SFT_SFT_VER_FK FOREIGN KEY (SOFTWARE_VERSION_ID)
 REFERENCES SOFTWARE_VERSION(ID)
 ON DELETE SET NULL
/
ALTER TABLE SOFTWARE_VERSION ADD CONSTRAINT
 SFT_VER_SFT_FK FOREIGN KEY (SOFTWARE_ID)
 REFERENCES SOFTWARE(ID)
 ON DELETE CASCADE
/
ALTER TABLE SOFTWARE_LICENSE ADD CONSTRAINT
 SFT_LIC_SFT_VER_FK FOREIGN KEY (SOFTWARE_VERSION_ID)
 REFERENCES SOFTWARE_VERSION(ID)
 ON DELETE CASCADE
/
ALTER TABLE SOFTWARE_LICENSE_STATUS ADD CONSTRAINT
 SFT_LIC_STA_SFT_LIC_FK FOREIGN KEY (SOFTWARE_LICENSE_ID)
REFERENCES SOFTWARE_LICENSE(ID)
 ON DELETE CASCADE
/

COMMIT;

REM === INITIALISING SEQUENCES ===

PROMPT 'Creating sequences'

CREATE SEQUENCE CALLER_PHONE_ID_SEQ
/
CREATE SEQUENCE CALL_STATUS_ID_SEQ
/
CREATE SEQUENCE STAFF_ROLE_ID_SEQ
/
CREATE SEQUENCE STAFF_ID_SEQ
/
CREATE SEQUENCE CALL_ID_SEQ
/
CREATE SEQUENCE PROBLEM_CALL_ID_SEQ
/
CREATE SEQUENCE PROBLEM_ID_SEQ
/
CREATE SEQUENCE PROBLEM_SOLUTION_ID_SEQ
/
CREATE SEQUENCE PROBLEM_STATUS_ID_SEQ
/
CREATE SEQUENCE PROBLEM_ASSIGNMENT_ID_SEQ
/
CREATE SEQUENCE PROBLEM_TYPE_ID_SEQ
/
CREATE SEQUENCE PROBLEM_TYPE_SPECIALIST_ID_SEQ
/
CREATE SEQUENCE EQUIPMENT_ID_SEQ
/
CREATE SEQUENCE EQUIPMENT_MODEL_ID_SEQ
/
CREATE SEQUENCE EQUIPMENT_MAKE_ID_SEQ
/
CREATE SEQUENCE EQUIPMENT_TYPE_ID_SEQ
/
CREATE SEQUENCE EQUIPMENT_OPERATING_SYSTEM_ID_SEQ
/
CREATE SEQUENCE OPERATING_SYSTEM_VERSION_ID_SEQ
/
CREATE SEQUENCE OPERATING_SYSTEM_ID_SEQ
/
CREATE SEQUENCE EQUIPMENT_SOFTWARE_ID_SEQ
/
CREATE SEQUENCE SOFTWARE_VERSION_ID_SEQ
/
CREATE SEQUENCE SOFTWARE_ID_SEQ
/
CREATE SEQUENCE SOFTWARE_LICENSE_ID_SEQ
/
CREATE SEQUENCE SOFTWARE_LICENSE_STATUS_ID_SEQ
/

COMMIT;

REM === INITIALISING DATA ===

INSERT INTO CALL_STATUS VALUES (CALL_STATUS_ID_SEQ.NEXTVAL, 'MISSED');
INSERT INTO CALL_STATUS VALUES (CALL_STATUS_ID_SEQ.NEXTVAL, 'IN PROGRESS');
INSERT INTO CALL_STATUS VALUES (CALL_STATUS_ID_SEQ.NEXTVAL, 'FINISHED');

INSERT INTO STAFF_ROLE VALUES (STAFF_ROLE_ID_SEQ.NEXTVAL, 'OPERATOR');
INSERT INTO STAFF_ROLE VALUES (STAFF_ROLE_ID_SEQ.NEXTVAL, 'SPECIALIST');

INSERT INTO PROBLEM_STATUS VALUES (
 PROBLEM_STATUS_ID_SEQ.NEXTVAL, 'UNASSIGNED'
);
INSERT INTO PROBLEM_STATUS VALUES (
 PROBLEM_STATUS_ID_SEQ.NEXTVAL, 'ASSIGNED'
);
INSERT INTO PROBLEM_STATUS VALUES (
 PROBLEM_STATUS_ID_SEQ.NEXTVAL, 'IN PROGRESS'
);
INSERT INTO PROBLEM_STATUS VALUES (
 PROBLEM_STATUS_ID_SEQ.NEXTVAL, 'BLOCKED'
);
INSERT INTO PROBLEM_STATUS VALUES (
 PROBLEM_STATUS_ID_SEQ.NEXTVAL, 'RESOLVED'
);
INSERT INTO PROBLEM_STATUS VALUES (
 PROBLEM_STATUS_ID_SEQ.NEXTVAL, 'UNRESOLVED'
);

INSERT INTO PROBLEM_TYPE VALUES (
 PROBLEM_TYPE_ID_SEQ.NEXTVAL, 'CHARGER MALFUNCTION'
);
INSERT INTO PROBLEM_TYPE VALUES (
 PROBLEM_TYPE_ID_SEQ.NEXTVAL, 'BROKE SCREEN'
);
INSERT INTO PROBLEM_TYPE VALUES (
 PROBLEM_TYPE_ID_SEQ.NEXTVAL, 'RESTART LOOPING'
);
INSERT INTO PROBLEM_TYPE VALUES (
 PROBLEM_TYPE_ID_SEQ.NEXTVAL, 'HARDWARE MALFUNCTION'
);
INSERT INTO PROBLEM_TYPE VALUES (
 PROBLEM_TYPE_ID_SEQ.NEXTVAL, 'SOFTWARE MALFUNCTION'
);
INSERT INTO PROBLEM_TYPE VALUES (
 PROBLEM_TYPE_ID_SEQ.NEXTVAL, 'SOFTWARE LICENSE MALFUNCTION'
);
INSERT INTO PROBLEM_TYPE VALUES (
 PROBLEM_TYPE_ID_SEQ.NEXTVAL, 'OTHER'
);
INSERT INTO PROBLEM_TYPE VALUES (
 PROBLEM_TYPE_ID_SEQ.NEXTVAL, 'STUCK PRINTER'
);
INSERT INTO PROBLEM_TYPE VALUES (
 PROBLEM_TYPE_ID_SEQ.NEXTVAL, 'BOOT MALFUNCTION'
);

INSERT INTO EQUIPMENT_MAKE VALUES (
 EQUIPMENT_MAKE_ID_SEQ.NEXTVAL, 'HP'
);
INSERT INTO EQUIPMENT_MAKE VALUES (
 EQUIPMENT_MAKE_ID_SEQ.NEXTVAL, 'MICROSOFT'
);
INSERT INTO EQUIPMENT_MAKE VALUES (
 EQUIPMENT_MAKE_ID_SEQ.NEXTVAL, 'ASUS'
);
INSERT INTO EQUIPMENT_MAKE VALUES (
 EQUIPMENT_MAKE_ID_SEQ.NEXTVAL, 'APPLE'
);
INSERT INTO EQUIPMENT_MAKE VALUES (
 EQUIPMENT_MAKE_ID_SEQ.NEXTVAL, 'LENOVO'
);
INSERT INTO EQUIPMENT_MAKE VALUES (
 EQUIPMENT_MAKE_ID_SEQ.NEXTVAL, 'DELL'
);

INSERT INTO EQUIPMENT_TYPE VALUES (
 EQUIPMENT_TYPE_ID_SEQ.NEXTVAL, 'PRINTER'
);
INSERT INTO EQUIPMENT_TYPE VALUES (
 EQUIPMENT_TYPE_ID_SEQ.NEXTVAL, 'LAPTOP'
);
INSERT INTO EQUIPMENT_TYPE VALUES (
 EQUIPMENT_TYPE_ID_SEQ.NEXTVAL, 'DESKTOP'
);
INSERT INTO EQUIPMENT_TYPE VALUES (
 EQUIPMENT_TYPE_ID_SEQ.NEXTVAL, 'PHONE'
);

INSERT INTO OPERATING_SYSTEM VALUES (
 OPERATING_SYSTEM_ID_SEQ.NEXTVAL, 'WINDOWS'
);
INSERT INTO OPERATING_SYSTEM VALUES (
 OPERATING_SYSTEM_ID_SEQ.NEXTVAL, 'IOS'
);
INSERT INTO OPERATING_SYSTEM VALUES (
 OPERATING_SYSTEM_ID_SEQ.NEXTVAL, 'MACOS'
);
INSERT INTO OPERATING_SYSTEM VALUES (
 OPERATING_SYSTEM_ID_SEQ.NEXTVAL, 'LINUX'
);
INSERT INTO OPERATING_SYSTEM VALUES (
 OPERATING_SYSTEM_ID_SEQ.NEXTVAL, 'OTHER'
);

INSERT INTO SOFTWARE VALUES (
 SOFTWARE_ID_SEQ.NEXTVAL, 'PHOTOSHOP'
);
INSERT INTO SOFTWARE VALUES (
 SOFTWARE_ID_SEQ.NEXTVAL, 'EXCEL'
);
INSERT INTO SOFTWARE VALUES (
 SOFTWARE_ID_SEQ.NEXTVAL, 'WORD'
);
INSERT INTO SOFTWARE VALUES (
 SOFTWARE_ID_SEQ.NEXTVAL, 'SAFARI'
);
INSERT INTO SOFTWARE VALUES (
 SOFTWARE_ID_SEQ.NEXTVAL, 'OTHER'
);
INSERT INTO SOFTWARE VALUES (
 SOFTWARE_ID_SEQ.NEXTVAL, 'PRINT-NOW'
);
INSERT INTO SOFTWARE VALUES (
 SOFTWARE_ID_SEQ.NEXTVAL, 'VISUAL STUDIO'
);
INSERT INTO SOFTWARE VALUES (
 SOFTWARE_ID_SEQ.NEXTVAL, '3D MODELER'
);

INSERT INTO CALLER VALUES (
 '1111111111', 'John', 'Lenon'
);
INSERT INTO CALLER VALUES (
 '2222222222', 'Mark', 'Johnes'
);
INSERT INTO CALLER VALUES (
 '3333333333', 'Cristiano', 'Ronaldo'
);
INSERT INTO CALLER VALUES (
 '4444444444', 'Richard', 'Richardson'
);
INSERT INTO CALLER VALUES (
 '5555555555', 'Valmor', 'Nostradamus'
);
INSERT INTO CALLER VALUES (
 '6666666666', 'Johanne', 'Simon'
);
INSERT INTO CALLER VALUES (
 '7777777777', 'Alexie', 'Fox'
);

INSERT INTO CALLER_PHONE VALUES (
 CALLER_PHONE_ID_SEQ.NEXTVAL, '202-209-4424', '1111111111'
);
INSERT INTO CALLER_PHONE VALUES (
 CALLER_PHONE_ID_SEQ.NEXTVAL, '202-332-2204', '2222222222'
);
INSERT INTO CALLER_PHONE VALUES (
 CALLER_PHONE_ID_SEQ.NEXTVAL, '103-340-9481', '3333333333'
);
INSERT INTO CALLER_PHONE VALUES (
 CALLER_PHONE_ID_SEQ.NEXTVAL, '222-421-1224', '4444444444'
);
INSERT INTO CALLER_PHONE VALUES (
 CALLER_PHONE_ID_SEQ.NEXTVAL, '222-521-1225', '5555555555'
);
INSERT INTO CALLER_PHONE VALUES (
 CALLER_PHONE_ID_SEQ.NEXTVAL, '214-869-9041', '6666666666'
);
INSERT INTO CALLER_PHONE VALUES (
 CALLER_PHONE_ID_SEQ.NEXTVAL, '123-581-1752', '7777777777'
);

INSERT INTO STAFF VALUES (
 STAFF_ID_SEQ.NEXTVAL, 'Cobal', 'Brian', 1
);
INSERT INTO STAFF VALUES (
 STAFF_ID_SEQ.NEXTVAL, 'Giovan', 'Denis', 1
);
INSERT INTO STAFF VALUES (
 STAFF_ID_SEQ.NEXTVAL, 'Holy', 'Moly', 1
);
INSERT INTO STAFF VALUES (
 STAFF_ID_SEQ.NEXTVAL, 'Jenniffer', 'Coast', 2
);
INSERT INTO STAFF VALUES (
 STAFF_ID_SEQ.NEXTVAL, 'Sindy', 'Jupter', 2
);
INSERT INTO STAFF VALUES (
 STAFF_ID_SEQ.NEXTVAL, 'Lauren', 'White', 2
);
INSERT INTO STAFF VALUES (
 STAFF_ID_SEQ.NEXTVAL, 'Giselle', 'Brothyn', 2
);
INSERT INTO STAFF VALUES (
 STAFF_ID_SEQ.NEXTVAL, 'Maria', 'Jorreyn', 2
);
INSERT INTO STAFF VALUES (
 STAFF_ID_SEQ.NEXTVAL, 'Forham', 'Brotheryn', 2
);

INSERT INTO CALL VALUES (
 CALL_ID_SEQ.NEXTVAL, '1111111111', 1, NULL,
 TO_TIMESTAMP('03-AUG-20 11:20:30.45 AM'),
 TO_TIMESTAMP('03-AUG-20 11:59:20.25 AM')
);
INSERT INTO CALL VALUES (
 CALL_ID_SEQ.NEXTVAL, '1111111111', 3, 1,
 TO_TIMESTAMP('03-AUG-20 3:20:30.45 PM'),
 TO_TIMESTAMP('03-AUG-20 4:59:20.25 PM')
);
INSERT INTO CALL VALUES (
 CALL_ID_SEQ.NEXTVAL, '2222222222', 3, 2,
 TO_TIMESTAMP('04-SEP-20 3:20:30.45 PM'),
 TO_TIMESTAMP('04-SEP-20 4:59:20.25 PM')
);
INSERT INTO CALL VALUES (
 CALL_ID_SEQ.NEXTVAL, '3333333333', 3, 3,
 TO_TIMESTAMP('01-SEP-20 10:20:30.45 PM'),
 TO_TIMESTAMP('01-SEP-20 11:59:20.25 PM')
);
INSERT INTO CALL VALUES (
 CALL_ID_SEQ.NEXTVAL, '4444444444', 3, 3,
 TO_TIMESTAMP('10-MAR-20 8:20:30.45 AM'),
 TO_TIMESTAMP('10-MAR-20 9:59:20.25 AM')
);
INSERT INTO CALL VALUES (
 CALL_ID_SEQ.NEXTVAL, '2222222222', 1, NULL,
 TO_TIMESTAMP('03-AUG-20 11:20:30.45 AM'),
 TO_TIMESTAMP('03-AUG-20 11:59:20.25 AM')
);
INSERT INTO CALL VALUES (
 CALL_ID_SEQ.NEXTVAL, '2222222222', 3, 2,
 TO_TIMESTAMP('03-AUG-19 3:30.45 PM'),
 TO_TIMESTAMP('03-AUG-19 4:59:20.25 PM')
);
INSERT INTO CALL VALUES (
 CALL_ID_SEQ.NEXTVAL, '3333333333', 3, 3,
 TO_TIMESTAMP('04-JAN-20 3:20:30.45 PM'),
 TO_TIMESTAMP('04-JAN-20 4:59:20.25 PM')
);
INSERT INTO CALL VALUES (
 CALL_ID_SEQ.NEXTVAL, '3333333333', 3, 1,
 TO_TIMESTAMP('20-JUN-20 4:20:30.45 PM'),
 TO_TIMESTAMP('20-JUN-20 6:59:20.25 PM')
);
INSERT INTO CALL VALUES (
 CALL_ID_SEQ.NEXTVAL, '4444444444', 3, 1,
 TO_TIMESTAMP('10-MAR-20 4:20:30.45 AM'),
 TO_TIMESTAMP('10-MAR-20 9:59:20.25 AM')
);
INSERT INTO CALL VALUES (
 CALL_ID_SEQ.NEXTVAL, '6666666666', 3, 9,
 TO_TIMESTAMP('03-FEB-20 10:20:30.45 AM'),
 TO_TIMESTAMP('03-FEB-20 11:59:20.25 AM')
);
INSERT INTO CALL VALUES (
 CALL_ID_SEQ.NEXTVAL, '7777777777', 3, 8,
 TO_TIMESTAMP('19-OCT-20 4:24:30.45 PM'),
 TO_TIMESTAMP('19-OCT-20 4:59:20.25 PM')
);

INSERT INTO EQUIPMENT_MODEL VALUES (
 EQUIPMENT_MODEL_ID_SEQ.NEXTVAL, 'SUPER PRINTER',
 TO_DATE('2000/02/04', 'yyyy/mm/dd'), 1, 1
);
INSERT INTO EQUIPMENT_MODEL VALUES (
 EQUIPMENT_MODEL_ID_SEQ.NEXTVAL, 'SURFACE 2018',
 TO_DATE('2018/12/15', 'yyyy/mm/dd'), 2, 2
);
INSERT INTO EQUIPMENT_MODEL VALUES (
 EQUIPMENT_MODEL_ID_SEQ.NEXTVAL, 'ASUS DESKTOP 2019',
 TO_DATE('2019/05/25', 'yyyy/mm/dd'), 3, 3
);
INSERT INTO EQUIPMENT_MODEL VALUES (
 EQUIPMENT_MODEL_ID_SEQ.NEXTVAL, 'IPHONE 2017',
 TO_DATE('2017/03/05', 'yyyy/mm/dd'), 4, 4
);
INSERT INTO EQUIPMENT_MODEL VALUES (
 EQUIPMENT_MODEL_ID_SEQ.NEXTVAL, 'THINKPAD 2014',
 TO_DATE('2014/08/09', 'yyyy/mm/dd'), 2, 5
);
INSERT INTO EQUIPMENT_MODEL VALUES (
 EQUIPMENT_MODEL_ID_SEQ.NEXTVAL, 'DELL INSPIRON 2017',
 TO_DATE('2017/04/09', 'yyyy/mm/dd'), 2, 6
);
INSERT INTO EQUIPMENT_MODEL VALUES (
 EQUIPMENT_MODEL_ID_SEQ.NEXTVAL, 'ASUS ZEN 2018',
 TO_DATE('2018/03/11', 'yyyy/mm/dd'), 2, 3
);

/* printer */
INSERT INTO EQUIPMENT VALUES (
  EQUIPMENT_ID_SEQ.NEXTVAL, '1234', 1
);
/* surface */
INSERT INTO EQUIPMENT VALUES (
  EQUIPMENT_ID_SEQ.NEXTVAL, '4321', 2
);
/* asus desktop */
INSERT INTO EQUIPMENT VALUES (
  EQUIPMENT_ID_SEQ.NEXTVAL, '12345', 3
);
/* iphone */
INSERT INTO EQUIPMENT VALUES (
  EQUIPMENT_ID_SEQ.NEXTVAL, '54321', 4
);
/* Equipment without software */
INSERT INTO EQUIPMENT VALUES (
  EQUIPMENT_ID_SEQ.NEXTVAL, '123414', 5
);
/* dell inspiron */
INSERT INTO EQUIPMENT VALUES (
  EQUIPMENT_ID_SEQ.NEXTVAL, '14y5125h1', 6
);
/* asus zen */
INSERT INTO EQUIPMENT VALUES (
  EQUIPMENT_ID_SEQ.NEXTVAL, '12491', 7
);

/* unassigned charger malfunction problem */
INSERT INTO PROBLEM VALUES (
 PROBLEM_ID_SEQ.NEXTVAL, 1, 1, 2,
 'The laptop battery is not charging the laptop anymore.',
 TO_TIMESTAMP('03-OCT-20 4:59:20.25 PM')
);
/* assigned broke screen problem */
INSERT INTO PROBLEM VALUES (
 PROBLEM_ID_SEQ.NEXTVAL, 2, 2, 3,
 'Some pixels on the screen are blue',
 TO_TIMESTAMP('04-SEP-20 4:59:20.25 PM')
);
/* restart looping problem in progress */
INSERT INTO PROBLEM VALUES (
 PROBLEM_ID_SEQ.NEXTVAL, 3, 3, 4,
 'The phone keeps restarting all the time',
 TO_TIMESTAMP('01-SEP-20 11:59:20.25 PM')

);
/* hardware malfunction problem resolved */
INSERT INTO PROBLEM VALUES (
 PROBLEM_ID_SEQ.NEXTVAL, 5, 4, 3,
 'The laptop memory chip has exploded',
 TO_TIMESTAMP('10-MAR-20 9:59:20.25 AM')
);
/* software malfunction problem resolved */
INSERT INTO PROBLEM VALUES (
 PROBLEM_ID_SEQ.NEXTVAL, 5, 5, 2,
 'Photoshop is crashing',
 TO_TIMESTAMP('03-AUG-19 4:59:20.25 PM')
);
/* software license malfunction problem resolved */
INSERT INTO PROBLEM VALUES (
 PROBLEM_ID_SEQ.NEXTVAL, 5, 6, 2,
 'Photoshop license has expired',
 TO_TIMESTAMP('04-JAN-20 4:59:20.25 PM')
);
/* unassigned boot malfunction */
INSERT INTO PROBLEM VALUES (
 PROBLEM_ID_SEQ.NEXTVAL, 1, 9, 6,
 'Laptop is not booting at all',
 TO_TIMESTAMP('03-OCT-20 5:59:20.25 PM')
);
/* unassigned hardware malfunction */
INSERT INTO PROBLEM VALUES (
 PROBLEM_ID_SEQ.NEXTVAL, 1, 4, 7,
 'Laptop is not booting at all',
 TO_TIMESTAMP('03-OCT-20 6:59:20.25 PM')
);

INSERT INTO PROBLEM_CALL VALUES (
 PROBLEM_CALL_ID_SEQ.NEXTVAL, 2, 1
);
INSERT INTO PROBLEM_CALL VALUES (
 PROBLEM_CALL_ID_SEQ.NEXTVAL, 3, 2
);
INSERT INTO PROBLEM_CALL VALUES (
 PROBLEM_CALL_ID_SEQ.NEXTVAL, 4, 3
);
INSERT INTO PROBLEM_CALL VALUES (
 PROBLEM_CALL_ID_SEQ.NEXTVAL, 5, 4
);
INSERT INTO PROBLEM_CALL VALUES (
 PROBLEM_CALL_ID_SEQ.NEXTVAL, 7, 5
);
INSERT INTO PROBLEM_CALL VALUES (
 PROBLEM_CALL_ID_SEQ.NEXTVAL, 8, 6
);
INSERT INTO PROBLEM_CALL VALUES (
 PROBLEM_CALL_ID_SEQ.NEXTVAL, 11, 7
);
INSERT INTO PROBLEM_CALL VALUES (
 PROBLEM_CALL_ID_SEQ.NEXTVAL, 12, 8
);

INSERT INTO PROBLEM_SOLUTION VALUES (
 PROBLEM_SOLUTION_ID_SEQ.NEXTVAL, 4,
 'The laptop memory chip was substituted.',
 TO_TIMESTAMP('15-MAR-20 9:59:20.25 AM')
);
INSERT INTO PROBLEM_SOLUTION VALUES (
 PROBLEM_SOLUTION_ID_SEQ.NEXTVAL, 5,
 'A version upgrade fixed the problem.',
 TO_TIMESTAMP('03-AUG-19 5:59:20.25 PM')
);
INSERT INTO PROBLEM_SOLUTION VALUES (
 PROBLEM_SOLUTION_ID_SEQ.NEXTVAL, 6,
 'A new license was added to the software.',
 TO_TIMESTAMP('04-JAN-20 5:19:20.25 PM')
);

INSERT INTO PROBLEM_ASSIGNMENT VALUES (
 PROBLEM_ASSIGNMENT_ID_SEQ.NEXTVAL, 2, 4,
 TO_TIMESTAMP('04-SEP-20 5:09:20.25 PM')
);
INSERT INTO PROBLEM_ASSIGNMENT VALUES (
 PROBLEM_ASSIGNMENT_ID_SEQ.NEXTVAL, 3, 5,
 TO_TIMESTAMP('01-SEP-20 12:59:20.25 PM')
);
INSERT INTO PROBLEM_ASSIGNMENT VALUES (
 PROBLEM_ASSIGNMENT_ID_SEQ.NEXTVAL, 4, 6,
 TO_TIMESTAMP('10-MAR-20 10:59:20.25 AM')
);
INSERT INTO PROBLEM_ASSIGNMENT VALUES (
 PROBLEM_ASSIGNMENT_ID_SEQ.NEXTVAL, 5, 1,
 TO_TIMESTAMP('03-AUG-19 5:59:20.25 PM')
);
INSERT INTO PROBLEM_ASSIGNMENT VALUES (
 PROBLEM_ASSIGNMENT_ID_SEQ.NEXTVAL, 6, 2,
 TO_TIMESTAMP('04-JAN-20 6:59:20.25 PM')
);

INSERT INTO PROBLEM_TYPE_SPECIALIST VALUES (
 PROBLEM_TYPE_SPECIALIST_ID_SEQ.NEXTVAL, 7, 1
);
INSERT INTO PROBLEM_TYPE_SPECIALIST VALUES (
 PROBLEM_TYPE_SPECIALIST_ID_SEQ.NEXTVAL, 7, 2
);
INSERT INTO PROBLEM_TYPE_SPECIALIST VALUES (
 PROBLEM_TYPE_SPECIALIST_ID_SEQ.NEXTVAL, 7, 3
);
INSERT INTO PROBLEM_TYPE_SPECIALIST VALUES (
 PROBLEM_TYPE_SPECIALIST_ID_SEQ.NEXTVAL, 5, 4
);
INSERT INTO PROBLEM_TYPE_SPECIALIST VALUES (
 PROBLEM_TYPE_SPECIALIST_ID_SEQ.NEXTVAL, 4, 5
);
INSERT INTO PROBLEM_TYPE_SPECIALIST VALUES (
 PROBLEM_TYPE_SPECIALIST_ID_SEQ.NEXTVAL, 6, 6
);
INSERT INTO PROBLEM_TYPE_SPECIALIST VALUES (
 PROBLEM_TYPE_SPECIALIST_ID_SEQ.NEXTVAL, 8, 8
);
INSERT INTO PROBLEM_TYPE_SPECIALIST VALUES (
 PROBLEM_TYPE_SPECIALIST_ID_SEQ.NEXTVAL, 9, 9
);

INSERT INTO OPERATING_SYSTEM_VERSION VALUES (
 OPERATING_SYSTEM_VERSION_ID_SEQ.NEXTVAL, '10',
 TO_DATE('2017/05/05', 'yyyy/mm/dd'), 1
);
INSERT INTO OPERATING_SYSTEM_VERSION VALUES (
 OPERATING_SYSTEM_VERSION_ID_SEQ.NEXTVAL, '9',
 TO_DATE('2016/05/05', 'yyyy/mm/dd'), 2
);
INSERT INTO OPERATING_SYSTEM_VERSION VALUES (
 OPERATING_SYSTEM_VERSION_ID_SEQ.NEXTVAL, 'MOJAVE',
 TO_DATE('2018/08/05', 'yyyy/mm/dd'), 3
);
INSERT INTO OPERATING_SYSTEM_VERSION VALUES (
 OPERATING_SYSTEM_VERSION_ID_SEQ.NEXTVAL, 'ARCHLINUX',
 TO_DATE('2001/08/05', 'yyyy/mm/dd'), 4
);
INSERT INTO OPERATING_SYSTEM_VERSION VALUES (
 OPERATING_SYSTEM_VERSION_ID_SEQ.NEXTVAL, 'HP PRINTER FIRMWARE',
 TO_DATE('2001/08/05', 'yyyy/mm/dd'), 5
);

INSERT INTO EQUIPMENT_OPERATING_SYSTEM VALUES (
  EQUIPMENT_OPERATING_SYSTEM_ID_SEQ.NEXTVAL, 1, 5
);
INSERT INTO EQUIPMENT_OPERATING_SYSTEM VALUES (
  EQUIPMENT_OPERATING_SYSTEM_ID_SEQ.NEXTVAL, 2, 1
);
INSERT INTO EQUIPMENT_OPERATING_SYSTEM VALUES (
  EQUIPMENT_OPERATING_SYSTEM_ID_SEQ.NEXTVAL, 3, 4
);
INSERT INTO EQUIPMENT_OPERATING_SYSTEM VALUES (
  EQUIPMENT_OPERATING_SYSTEM_ID_SEQ.NEXTVAL, 4, 2
);
INSERT INTO EQUIPMENT_OPERATING_SYSTEM VALUES (
  EQUIPMENT_OPERATING_SYSTEM_ID_SEQ.NEXTVAL, 6, 1
);
INSERT INTO EQUIPMENT_OPERATING_SYSTEM VALUES (
  EQUIPMENT_OPERATING_SYSTEM_ID_SEQ.NEXTVAL, 7, 1
);

INSERT INTO SOFTWARE_VERSION VALUES (
 SOFTWARE_VERSION_ID_SEQ.NEXTVAL, 'PS SUITE',
 TO_DATE('2018/08/05', 'yyyy/mm/dd'), 1
);
INSERT INTO SOFTWARE_VERSION VALUES (
 SOFTWARE_VERSION_ID_SEQ.NEXTVAL, 'PRO',
 TO_DATE('2018/09/09', 'yyyy/mm/dd'), 2
);
INSERT INTO SOFTWARE_VERSION VALUES (
 SOFTWARE_VERSION_ID_SEQ.NEXTVAL, 'BUSINESS',
 TO_DATE('2017/12/05', 'yyyy/mm/dd'), 3
);
INSERT INTO SOFTWARE_VERSION VALUES (
 SOFTWARE_VERSION_ID_SEQ.NEXTVAL, '1024',
 TO_DATE('2015/12/12', 'yyyy/mm/dd'), 4
);
INSERT INTO SOFTWARE_VERSION VALUES (
 SOFTWARE_VERSION_ID_SEQ.NEXTVAL, 'PRINTER STUDIO 2x',
 TO_DATE('2015/04/05', 'yyyy/mm/dd'), 6
);

INSERT INTO EQUIPMENT_SOFTWARE VALUES (
  EQUIPMENT_SOFTWARE_ID_SEQ.NEXTVAL, 1, 5
);
INSERT INTO EQUIPMENT_SOFTWARE VALUES (
  EQUIPMENT_SOFTWARE_ID_SEQ.NEXTVAL, 2, 1
);
INSERT INTO EQUIPMENT_SOFTWARE VALUES (
  EQUIPMENT_SOFTWARE_ID_SEQ.NEXTVAL, 2, 2
);
INSERT INTO EQUIPMENT_SOFTWARE VALUES (
  EQUIPMENT_SOFTWARE_ID_SEQ.NEXTVAL, 3, 2
);
INSERT INTO EQUIPMENT_SOFTWARE VALUES (
  EQUIPMENT_SOFTWARE_ID_SEQ.NEXTVAL, 4, 4
);

INSERT INTO SOFTWARE_LICENSE VALUES (
  SOFTWARE_LICENSE_ID_SEQ.NEXTVAL, '1249h51h5', 1
);
INSERT INTO SOFTWARE_LICENSE VALUES (
  SOFTWARE_LICENSE_ID_SEQ.NEXTVAL, '12094914h114', 2
);
INSERT INTO SOFTWARE_LICENSE VALUES (
  SOFTWARE_LICENSE_ID_SEQ.NEXTVAL, 'xias412124k', 3
);
INSERT INTO SOFTWARE_LICENSE VALUES (
  SOFTWARE_LICENSE_ID_SEQ.NEXTVAL, 'HE14i1i51i151', 4
);

INSERT INTO SOFTWARE_LICENSE_STATUS VALUES (
  SOFTWARE_LICENSE_STATUS_ID_SEQ.NEXTVAL, 'Y', 1
);
INSERT INTO SOFTWARE_LICENSE_STATUS VALUES (
  SOFTWARE_LICENSE_STATUS_ID_SEQ.NEXTVAL, 'Y', 2
);
INSERT INTO SOFTWARE_LICENSE_STATUS VALUES (
  SOFTWARE_LICENSE_STATUS_ID_SEQ.NEXTVAL, 'N', 3
);
INSERT INTO SOFTWARE_LICENSE_STATUS VALUES (
  SOFTWARE_LICENSE_STATUS_ID_SEQ.NEXTVAL, 'Y', 4
);

COMMIT;
